<?xml version="1.0" encoding="UTF-8"?>
<beans xmlns="http://www.springframework.org/schema/beans"
       xmlns:xsi="http://www.w3.org/2001/XMLSchema-instance"
        xmlns:mvc="http://www.springframework.org/schema/mvc"
       xmlns:context="http://www.springframework.org/schema/context"
       xsi:schemaLocation="http://www.springframework.org/schema/beans 
           http://www.springframework.org/schema/beans/spring-beans-3.0.xsd
           http://www.springframework.org/schema/context
           http://www.springframework.org/schema/context/spring-context-3.0.xsd">
               
     <context:annotation-config/>
	<context:component-scan base-package="com.cg.springcore"/>

	<bean id="customer" class="com.cg.springcore.beans.Customer">
		<property name="id" value="123456"></property>
		<property name="name" value="lokesh"></property>
		<property name="list">
			<list>
				<ref bean="product1" />
				<ref bean="product2" />
				<ref bean="product3" />
			</list>
		</property>

	</bean>
	<bean id="product1" class="com.cg.springcore.beans.Product">
		<constructor-arg value="Marker"></constructor-arg>
		<constructor-arg value="10"></constructor-arg>
	</bean>

	<bean id="product2" class="com.cg.springcore.beans.Product">
		<constructor-arg value="Pen"></constructor-arg>
		<constructor-arg value="100"></constructor-arg>
	</bean>

	<bean id="product3" class="com.cg.springcore.beans.Product">
		<constructor-arg value="Pencil"></constructor-arg>
		<constructor-arg value="5"></constructor-arg>
	</bean>



</beans>